Script.Start,{"arguments": {"blocks": 2, "spawn_angle": 40, "enemies": 12, "flank_enemy_spawn_rate": 1.0, "enemy_spawn_rate": 1.0, "flank_enemies": 2, "flank_enemy_speed": 1.1, "sub_enemies": 4, "sub_enemy_spawn_rate": 1.0, "randomness": 2.0, "sub_enemy_speed": 0.9, "repetitions": 2, "enemy_speed": 1.0}, "enemy_types": ["Enemy.Cannon", "Enemy.BlackHole", "Enemy.Shield"]}
Script.BeginBlock,{"index": 0}
Script.BeginWave,{"flank_type": "Enemy.Shield", "right_type": "Enemy.BlackHole", "left_type": "Enemy.Cannon"}
Script.SpawnEnemy,{"type": "Enemy.Cannon", "speed": 1.0, "side": "Side.Left", "spawnTime": 1.0, "angle": -20.1896437370347}
Script.SpawnEnemy,{"type": "Enemy.BlackHole", "speed": 1.0, "side": "Side.Right", "spawnTime": 1.0, "angle": 166.29182422277722}
Script.SpawnEnemy,{"type": "Enemy.Shield", "speed": 1.1, "side": "Side.Left", "spawnTime": 1.0, "angle": -17.182152892930336}
Script.SpawnEnemy,{"type": "Enemy.BlackHole", "speed": 1.0, "side": "Side.Right", "spawnTime": 1.0, "angle": 160.60090200429948}
Script.SpawnEnemy,{"type": "Enemy.Cannon", "speed": 1.0, "side": "Side.Left", "spawnTime": 1.0, "angle": -15.702983384269647}
Script.SpawnEnemy,{"type": "Enemy.BlackHole", "speed": 1.0, "side": "Side.Right", "spawnTime": 1.0, "angle": 158.5974200374051}
Script.SpawnEnemy,{"type": "Enemy.Cannon", "speed": 1.0, "side": "Side.Left", "spawnTime": 1.0, "angle": -13.235415569775357}
Script.SpawnEnemy,{"type": "Enemy.Shield", "speed": 1.1, "side": "Side.Right", "spawnTime": 1.0, "angle": 173.31646250884864}
Script.SpawnEnemy,{"type": "Enemy.Cannon", "speed": 1.0, "side": "Side.Left", "spawnTime": 1.0, "angle": -12.845845109344049}
Script.SpawnEnemy,{"type": "Enemy.Shield", "speed": 1.1, "side": "Side.Right", "spawnTime": 1.0, "angle": 170.61933384761446}
Script.SpawnEnemy,{"type": "Enemy.Cannon", "speed": 1.0, "side": "Side.Left", "spawnTime": 1.0, "angle": -6.068183674003487}
Script.SpawnEnemy,{"type": "Enemy.BlackHole", "speed": 1.0, "side": "Side.Right", "spawnTime": 1.0, "angle": 165.30233491864894}
Script.SpawnEnemy,{"type": "Enemy.Cannon", "speed": 1.0, "side": "Side.Left", "spawnTime": 1.0, "angle": -11.094637881314254}
Script.SpawnEnemy,{"type": "Enemy.BlackHole", "speed": 1.0, "side": "Side.Right", "spawnTime": 1.0, "angle": 173.4607501860361}
Script.SpawnEnemy,{"type": "Enemy.Cannon", "speed": 1.0, "side": "Side.Left", "spawnTime": 1.0, "angle": -0.16890889536459364}
Script.SpawnEnemy,{"type": "Enemy.BlackHole", "speed": 1.0, "side": "Side.Right", "spawnTime": 1.0, "angle": 178.52438308992467}
Script.SpawnEnemy,{"type": "Enemy.Cannon", "speed": 1.0, "side": "Side.Left", "spawnTime": 1.0, "angle": -0.5041327775792086}
Script.SpawnEnemy,{"type": "Enemy.BlackHole", "speed": 1.0, "side": "Side.Right", "spawnTime": 1.0, "angle": 176.1139793814589}
Script.SpawnEnemy,{"type": "Enemy.Cannon", "speed": 1.0, "side": "Side.Left", "spawnTime": 1.0, "angle": -7.1869063053019415}
Script.SpawnEnemy,{"type": "Enemy.BlackHole", "speed": 1.0, "side": "Side.Right", "spawnTime": 1.0, "angle": 182.62728068647417}
Script.SpawnEnemy,{"type": "Enemy.Cannon", "speed": 1.0, "side": "Side.Left", "spawnTime": 1.0, "angle": 5.264429571786422}
Script.SpawnEnemy,{"type": "Enemy.BlackHole", "speed": 1.0, "side": "Side.Right", "spawnTime": 1.0, "angle": 177.9904550734127}
Script.SpawnEnemy,{"type": "Enemy.Cannon", "speed": 1.0, "side": "Side.Left", "spawnTime": 1.0, "angle": 10.928597774606608}
Script.SpawnEnemy,{"type": "Enemy.BlackHole", "speed": 1.0, "side": "Side.Right", "spawnTime": 1.0, "angle": 180.94271361047177}
Script.SpawnEnemy,{"type": "Enemy.BlackHole", "speed": 0.9, "side": "Side.Left", "spawnTime": 1.0, "angle": 6.721869749247875}
Script.SpawnEnemy,{"type": "Enemy.BlackHole", "speed": 1.0, "side": "Side.Right", "spawnTime": 1.0, "angle": 187.09874907995115}
Script.SpawnEnemy,{"type": "Enemy.Cannon", "speed": 1.0, "side": "Side.Left", "spawnTime": 1.0, "angle": 3.0177468912113428}
Script.SpawnEnemy,{"type": "Enemy.Cannon", "speed": 0.9, "side": "Side.Right", "spawnTime": 1.0, "angle": 187.32786251131142}
Script.SpawnEnemy,{"type": "Enemy.Shield", "speed": 1.1, "side": "Side.Left", "spawnTime": 1.0, "angle": 10.211732048644741}
Script.SpawnEnemy,{"type": "Enemy.Cannon", "speed": 0.9, "side": "Side.Right", "spawnTime": 1.0, "angle": 198.75061463369425}
Script.SpawnEnemy,{"type": "Enemy.BlackHole", "speed": 0.9, "side": "Side.Left", "spawnTime": 1.0, "angle": 11.707398434022242}
Script.SpawnEnemy,{"type": "Enemy.BlackHole", "speed": 1.0, "side": "Side.Right", "spawnTime": 1.0, "angle": 193.7591053275315}
Script.SpawnEnemy,{"type": "Enemy.BlackHole", "speed": 0.9, "side": "Side.Left", "spawnTime": 1.0, "angle": 15.578886716379072}
Script.SpawnEnemy,{"type": "Enemy.Cannon", "speed": 0.9, "side": "Side.Right", "spawnTime": 1.0, "angle": 191.6634542200734}
Script.SpawnEnemy,{"type": "Enemy.BlackHole", "speed": 0.9, "side": "Side.Left", "spawnTime": 1.0, "angle": 17.648830475557123}
Script.SpawnEnemy,{"type": "Enemy.Cannon", "speed": 0.9, "side": "Side.Right", "spawnTime": 1.0, "angle": 195.81940041622633}
Script.EndWave,{"flank_type": "Enemy.Shield", "right_type": "Enemy.BlackHole", "left_type": "Enemy.Cannon"}
Script.BeginWave,{"flank_type": "Enemy.Cannon", "right_type": "Enemy.Shield", "left_type": "Enemy.BlackHole"}
Script.SpawnEnemy,{"type": "Enemy.Shield", "speed": 0.9, "side": "Side.Left", "spawnTime": 1.0, "angle": -18.33453650758142}
Script.SpawnEnemy,{"type": "Enemy.BlackHole", "speed": 0.9, "side": "Side.Right", "spawnTime": 1.0, "angle": 163.53753127278148}
Script.SpawnEnemy,{"type": "Enemy.Shield", "speed": 0.9, "side": "Side.Left", "spawnTime": 1.0, "angle": -15.634444248969881}
Script.SpawnEnemy,{"type": "Enemy.BlackHole", "speed": 0.9, "side": "Side.Right", "spawnTime": 1.0, "angle": 162.5505779042888}
Script.SpawnEnemy,{"type": "Enemy.Shield", "speed": 0.9, "side": "Side.Left", "spawnTime": 1.0, "angle": -9.21654180781111}
Script.SpawnEnemy,{"type": "Enemy.BlackHole", "speed": 0.9, "side": "Side.Right", "spawnTime": 1.0, "angle": 159.0010554975861}
Script.SpawnEnemy,{"type": "Enemy.Shield", "speed": 0.9, "side": "Side.Left", "spawnTime": 1.0, "angle": -14.77186816292488}
Script.SpawnEnemy,{"type": "Enemy.Shield", "speed": 1.0, "side": "Side.Right", "spawnTime": 1.0, "angle": 166.51023774611934}
Script.SpawnEnemy,{"type": "Enemy.BlackHole", "speed": 1.0, "side": "Side.Left", "spawnTime": 1.0, "angle": -15.235317521232718}
Script.SpawnEnemy,{"type": "Enemy.Shield", "speed": 1.0, "side": "Side.Right", "spawnTime": 1.0, "angle": 168.5266660369144}
Script.SpawnEnemy,{"type": "Enemy.BlackHole", "speed": 1.0, "side": "Side.Left", "spawnTime": 1.0, "angle": -9.277266326062444}
Script.SpawnEnemy,{"type": "Enemy.BlackHole", "speed": 0.9, "side": "Side.Right", "spawnTime": 1.0, "angle": 171.04740520003452}
Script.SpawnEnemy,{"type": "Enemy.BlackHole", "speed": 1.0, "side": "Side.Left", "spawnTime": 1.0, "angle": -6.3232129663968255}
Script.SpawnEnemy,{"type": "Enemy.Shield", "speed": 1.0, "side": "Side.Right", "spawnTime": 1.0, "angle": 173.21384818574364}
Script.SpawnEnemy,{"type": "Enemy.BlackHole", "speed": 1.0, "side": "Side.Left", "spawnTime": 1.0, "angle": -4.379541038428718}
Script.SpawnEnemy,{"type": "Enemy.Shield", "speed": 1.0, "side": "Side.Right", "spawnTime": 1.0, "angle": 180.54312866676736}
Script.SpawnEnemy,{"type": "Enemy.BlackHole", "speed": 1.0, "side": "Side.Left", "spawnTime": 1.0, "angle": 6.2134708123199935}
Script.SpawnEnemy,{"type": "Enemy.Shield", "speed": 1.0, "side": "Side.Right", "spawnTime": 1.0, "angle": 185.7483357340412}
Script.SpawnEnemy,{"type": "Enemy.BlackHole", "speed": 1.0, "side": "Side.Left", "spawnTime": 1.0, "angle": -2.115555068592307}
Script.SpawnEnemy,{"type": "Enemy.Shield", "speed": 1.0, "side": "Side.Right", "spawnTime": 1.0, "angle": 183.00940889103043}
Script.SpawnEnemy,{"type": "Enemy.BlackHole", "speed": 1.0, "side": "Side.Left", "spawnTime": 1.0, "angle": -4.607847523454337}
Script.SpawnEnemy,{"type": "Enemy.Shield", "speed": 1.0, "side": "Side.Right", "spawnTime": 1.0, "angle": 177.4917668998648}
Script.SpawnEnemy,{"type": "Enemy.Cannon", "speed": 1.1, "side": "Side.Left", "spawnTime": 1.0, "angle": 13.207811812960399}
Script.SpawnEnemy,{"type": "Enemy.Shield", "speed": 1.0, "side": "Side.Right", "spawnTime": 1.0, "angle": 189.22999463576534}
Script.SpawnEnemy,{"type": "Enemy.BlackHole", "speed": 1.0, "side": "Side.Left", "spawnTime": 1.0, "angle": 4.014981223112699}
Script.SpawnEnemy,{"type": "Enemy.Shield", "speed": 1.0, "side": "Side.Right", "spawnTime": 1.0, "angle": 179.82931966599614}
Script.SpawnEnemy,{"type": "Enemy.BlackHole", "speed": 1.0, "side": "Side.Left", "spawnTime": 1.0, "angle": 7.448538203862542}
Script.SpawnEnemy,{"type": "Enemy.Cannon", "speed": 1.1, "side": "Side.Right", "spawnTime": 1.0, "angle": 195.70756044229242}
Script.SpawnEnemy,{"type": "Enemy.BlackHole", "speed": 1.0, "side": "Side.Left", "spawnTime": 1.0, "angle": 13.697215129939107}
Script.SpawnEnemy,{"type": "Enemy.Shield", "speed": 1.0, "side": "Side.Right", "spawnTime": 1.0, "angle": 183.2522714927794}
Script.SpawnEnemy,{"type": "Enemy.BlackHole", "speed": 1.0, "side": "Side.Left", "spawnTime": 1.0, "angle": 16.977110109150928}
Script.SpawnEnemy,{"type": "Enemy.Shield", "speed": 1.0, "side": "Side.Right", "spawnTime": 1.0, "angle": 195.30542963137975}
Script.SpawnEnemy,{"type": "Enemy.Cannon", "speed": 1.1, "side": "Side.Left", "spawnTime": 1.0, "angle": 17.504247369902675}
Script.SpawnEnemy,{"type": "Enemy.Cannon", "speed": 1.1, "side": "Side.Right", "spawnTime": 1.0, "angle": 188.89106244730823}
Script.SpawnEnemy,{"type": "Enemy.BlackHole", "speed": 1.0, "side": "Side.Left", "spawnTime": 1.0, "angle": 10.157031133843429}
Script.SpawnEnemy,{"type": "Enemy.Shield", "speed": 1.0, "side": "Side.Right", "spawnTime": 1.0, "angle": 194.0397387274687}
Script.EndWave,{"flank_type": "Enemy.Cannon", "right_type": "Enemy.Shield", "left_type": "Enemy.BlackHole"}
Script.BeginWave,{"flank_type": "Enemy.BlackHole", "right_type": "Enemy.Cannon", "left_type": "Enemy.Shield"}
Script.SpawnEnemy,{"type": "Enemy.Shield", "speed": 1.0, "side": "Side.Left", "spawnTime": 1.0, "angle": 12.749064953680971}
Script.SpawnEnemy,{"type": "Enemy.Shield", "speed": 0.9, "side": "Side.Right", "spawnTime": 1.0, "angle": 163.97684983952104}
Script.SpawnEnemy,{"type": "Enemy.Shield", "speed": 1.0, "side": "Side.Left", "spawnTime": 1.0, "angle": 15.258052222754525}
Script.SpawnEnemy,{"type": "Enemy.Shield", "speed": 0.9, "side": "Side.Right", "spawnTime": 1.0, "angle": 166.47772909575977}
Script.SpawnEnemy,{"type": "Enemy.Shield", "speed": 1.0, "side": "Side.Left", "spawnTime": 1.0, "angle": 10.421592120831335}
Script.SpawnEnemy,{"type": "Enemy.Shield", "speed": 0.9, "side": "Side.Right", "spawnTime": 1.0, "angle": 165.00232431055807}
Script.SpawnEnemy,{"type": "Enemy.Shield", "speed": 1.0, "side": "Side.Left", "spawnTime": 1.0, "angle": 11.025692712030919}
Script.SpawnEnemy,{"type": "Enemy.BlackHole", "speed": 1.1, "side": "Side.Right", "spawnTime": 1.0, "angle": 171.80569550263036}
Script.SpawnEnemy,{"type": "Enemy.Shield", "speed": 1.0, "side": "Side.Left", "spawnTime": 1.0, "angle": 18.273297074045004}
Script.SpawnEnemy,{"type": "Enemy.Cannon", "speed": 1.0, "side": "Side.Right", "spawnTime": 1.0, "angle": 158.97514165013675}
Script.SpawnEnemy,{"type": "Enemy.Shield", "speed": 1.0, "side": "Side.Left", "spawnTime": 1.0, "angle": 7.0887796236627025}
Script.SpawnEnemy,{"type": "Enemy.Cannon", "speed": 1.0, "side": "Side.Right", "spawnTime": 1.0, "angle": 175.51327555253206}
Script.SpawnEnemy,{"type": "Enemy.Shield", "speed": 1.0, "side": "Side.Left", "spawnTime": 1.0, "angle": 6.428641579717585}
Script.SpawnEnemy,{"type": "Enemy.Shield", "speed": 0.9, "side": "Side.Right", "spawnTime": 1.0, "angle": 185.55323141241632}
Script.SpawnEnemy,{"type": "Enemy.Shield", "speed": 1.0, "side": "Side.Left", "spawnTime": 1.0, "angle": -1.6555471301531117}
Script.SpawnEnemy,{"type": "Enemy.Cannon", "speed": 1.0, "side": "Side.Right", "spawnTime": 1.0, "angle": 169.28710325172284}
Script.SpawnEnemy,{"type": "Enemy.Shield", "speed": 1.0, "side": "Side.Left", "spawnTime": 1.0, "angle": 4.088809537906238}
Script.SpawnEnemy,{"type": "Enemy.Cannon", "speed": 1.0, "side": "Side.Right", "spawnTime": 1.0, "angle": 181.81743280197918}
Script.SpawnEnemy,{"type": "Enemy.Shield", "speed": 1.0, "side": "Side.Left", "spawnTime": 1.0, "angle": -3.269599148796628}
Script.SpawnEnemy,{"type": "Enemy.Cannon", "speed": 1.0, "side": "Side.Right", "spawnTime": 1.0, "angle": 175.57292217245853}
Script.SpawnEnemy,{"type": "Enemy.BlackHole", "speed": 1.1, "side": "Side.Left", "spawnTime": 1.0, "angle": -15.702921905834579}
Script.SpawnEnemy,{"type": "Enemy.Cannon", "speed": 1.0, "side": "Side.Right", "spawnTime": 1.0, "angle": 178.48066513934745}
Script.SpawnEnemy,{"type": "Enemy.Shield", "speed": 1.0, "side": "Side.Left", "spawnTime": 1.0, "angle": -5.2008158698654805}
Script.SpawnEnemy,{"type": "Enemy.Cannon", "speed": 1.0, "side": "Side.Right", "spawnTime": 1.0, "angle": 195.20646175457384}
Script.SpawnEnemy,{"type": "Enemy.Cannon", "speed": 0.9, "side": "Side.Left", "spawnTime": 1.0, "angle": -1.0647553465731259}
Script.SpawnEnemy,{"type": "Enemy.Cannon", "speed": 1.0, "side": "Side.Right", "spawnTime": 1.0, "angle": 190.18589970983842}
Script.SpawnEnemy,{"type": "Enemy.Cannon", "speed": 0.9, "side": "Side.Left", "spawnTime": 1.0, "angle": -8.405935781324226}
Script.SpawnEnemy,{"type": "Enemy.BlackHole", "speed": 1.1, "side": "Side.Right", "spawnTime": 1.0, "angle": 181.84618912005186}
Script.SpawnEnemy,{"type": "Enemy.Cannon", "speed": 0.9, "side": "Side.Left", "spawnTime": 1.0, "angle": -18.432296911647665}
Script.SpawnEnemy,{"type": "Enemy.Cannon", "speed": 1.0, "side": "Side.Right", "spawnTime": 1.0, "angle": 189.63620552933233}
Script.SpawnEnemy,{"type": "Enemy.BlackHole", "speed": 1.1, "side": "Side.Left", "spawnTime": 1.0, "angle": -11.827809512967859}
Script.SpawnEnemy,{"type": "Enemy.Cannon", "speed": 1.0, "side": "Side.Right", "spawnTime": 1.0, "angle": 182.96783244945217}
Script.SpawnEnemy,{"type": "Enemy.Cannon", "speed": 0.9, "side": "Side.Left", "spawnTime": 1.0, "angle": -12.951637541849035}
Script.SpawnEnemy,{"type": "Enemy.Cannon", "speed": 1.0, "side": "Side.Right", "spawnTime": 1.0, "angle": 199.03663785408585}
Script.SpawnEnemy,{"type": "Enemy.Shield", "speed": 1.0, "side": "Side.Left", "spawnTime": 1.0, "angle": -19.62113893273061}
Script.SpawnEnemy,{"type": "Enemy.Cannon", "speed": 1.0, "side": "Side.Right", "spawnTime": 1.0, "angle": 196.85157844819614}
Script.EndWave,{"flank_type": "Enemy.BlackHole", "right_type": "Enemy.Cannon", "left_type": "Enemy.Shield"}
Script.BeginWave,{"flank_type": "Enemy.Shield", "right_type": "Enemy.Cannon", "left_type": "Enemy.BlackHole"}
Script.SpawnEnemy,{"type": "Enemy.Shield", "speed": 1.1, "side": "Side.Left", "spawnTime": 1.0, "angle": -12.015883977917753}
Script.SpawnEnemy,{"type": "Enemy.BlackHole", "speed": 0.9, "side": "Side.Right", "spawnTime": 1.0, "angle": 163.37790258466634}
Script.SpawnEnemy,{"type": "Enemy.BlackHole", "speed": 1.0, "side": "Side.Left", "spawnTime": 1.0, "angle": -14.591857912803242}
Script.SpawnEnemy,{"type": "Enemy.BlackHole", "speed": 0.9, "side": "Side.Right", "spawnTime": 1.0, "angle": 171.56249331173518}
Script.SpawnEnemy,{"type": "Enemy.Shield", "speed": 1.1, "side": "Side.Left", "spawnTime": 1.0, "angle": -22.195597339570245}
Script.SpawnEnemy,{"type": "Enemy.BlackHole", "speed": 0.9, "side": "Side.Right", "spawnTime": 1.0, "angle": 172.3010180483473}
Script.SpawnEnemy,{"type": "Enemy.BlackHole", "speed": 1.0, "side": "Side.Left", "spawnTime": 1.0, "angle": -10.341631177176431}
Script.SpawnEnemy,{"type": "Enemy.Cannon", "speed": 1.0, "side": "Side.Right", "spawnTime": 1.0, "angle": 165.73587277730255}
Script.SpawnEnemy,{"type": "Enemy.BlackHole", "speed": 1.0, "side": "Side.Left", "spawnTime": 1.0, "angle": -15.895218122439877}
Script.SpawnEnemy,{"type": "Enemy.BlackHole", "speed": 0.9, "side": "Side.Right", "spawnTime": 1.0, "angle": 160.0579507224277}
Script.SpawnEnemy,{"type": "Enemy.BlackHole", "speed": 1.0, "side": "Side.Left", "spawnTime": 1.0, "angle": -3.564383312468185}
Script.SpawnEnemy,{"type": "Enemy.Cannon", "speed": 1.0, "side": "Side.Right", "spawnTime": 1.0, "angle": 164.19361844636194}
Script.SpawnEnemy,{"type": "Enemy.BlackHole", "speed": 1.0, "side": "Side.Left", "spawnTime": 1.0, "angle": -6.529819238122316}
Script.SpawnEnemy,{"type": "Enemy.Cannon", "speed": 1.0, "side": "Side.Right", "spawnTime": 1.0, "angle": 169.49673263508996}
Script.SpawnEnemy,{"type": "Enemy.BlackHole", "speed": 1.0, "side": "Side.Left", "spawnTime": 1.0, "angle": 0.5881618380572341}
Script.SpawnEnemy,{"type": "Enemy.Shield", "speed": 1.1, "side": "Side.Right", "spawnTime": 1.0, "angle": 186.22094797507944}
Script.SpawnEnemy,{"type": "Enemy.BlackHole", "speed": 1.0, "side": "Side.Left", "spawnTime": 1.0, "angle": -16.487372475287245}
Script.SpawnEnemy,{"type": "Enemy.Cannon", "speed": 1.0, "side": "Side.Right", "spawnTime": 1.0, "angle": 180.00323718032476}
Script.SpawnEnemy,{"type": "Enemy.BlackHole", "speed": 1.0, "side": "Side.Left", "spawnTime": 1.0, "angle": 3.162034002433275}
Script.SpawnEnemy,{"type": "Enemy.Shield", "speed": 1.1, "side": "Side.Right", "spawnTime": 1.0, "angle": 177.7984257682372}
Script.SpawnEnemy,{"type": "Enemy.BlackHole", "speed": 1.0, "side": "Side.Left", "spawnTime": 1.0, "angle": 15.598379471248498}
Script.SpawnEnemy,{"type": "Enemy.Cannon", "speed": 1.0, "side": "Side.Right", "spawnTime": 1.0, "angle": 179.01233535988118}
Script.SpawnEnemy,{"type": "Enemy.BlackHole", "speed": 1.0, "side": "Side.Left", "spawnTime": 1.0, "angle": 8.353842637831328}
Script.SpawnEnemy,{"type": "Enemy.Cannon", "speed": 1.0, "side": "Side.Right", "spawnTime": 1.0, "angle": 174.21626427589217}
Script.SpawnEnemy,{"type": "Enemy.Cannon", "speed": 0.9, "side": "Side.Left", "spawnTime": 1.0, "angle": -3.0313285841060917}
Script.SpawnEnemy,{"type": "Enemy.Cannon", "speed": 1.0, "side": "Side.Right", "spawnTime": 1.0, "angle": 191.50127433631178}
Script.SpawnEnemy,{"type": "Enemy.BlackHole", "speed": 1.0, "side": "Side.Left", "spawnTime": 1.0, "angle": 2.6726154727313705}
Script.SpawnEnemy,{"type": "Enemy.Cannon", "speed": 1.0, "side": "Side.Right", "spawnTime": 1.0, "angle": 191.76799217741137}
Script.SpawnEnemy,{"type": "Enemy.BlackHole", "speed": 1.0, "side": "Side.Left", "spawnTime": 1.0, "angle": 8.362574698019664}
Script.SpawnEnemy,{"type": "Enemy.Cannon", "speed": 1.0, "side": "Side.Right", "spawnTime": 1.0, "angle": 185.8581811675628}
Script.SpawnEnemy,{"type": "Enemy.Cannon", "speed": 0.9, "side": "Side.Left", "spawnTime": 1.0, "angle": 13.920726987430156}
Script.SpawnEnemy,{"type": "Enemy.Cannon", "speed": 1.0, "side": "Side.Right", "spawnTime": 1.0, "angle": 197.50207574272247}
Script.SpawnEnemy,{"type": "Enemy.Cannon", "speed": 0.9, "side": "Side.Left", "spawnTime": 1.0, "angle": 12.334645443431272}
Script.SpawnEnemy,{"type": "Enemy.Cannon", "speed": 1.0, "side": "Side.Right", "spawnTime": 1.0, "angle": 189.21578975584762}
Script.SpawnEnemy,{"type": "Enemy.Cannon", "speed": 0.9, "side": "Side.Left", "spawnTime": 1.0, "angle": 15.038662038410035}
Script.SpawnEnemy,{"type": "Enemy.Cannon", "speed": 1.0, "side": "Side.Right", "spawnTime": 1.0, "angle": 193.47114172617862}
Script.EndWave,{"flank_type": "Enemy.Shield", "right_type": "Enemy.Cannon", "left_type": "Enemy.BlackHole"}
Script.BeginWave,{"flank_type": "Enemy.Cannon", "right_type": "Enemy.BlackHole", "left_type": "Enemy.Shield"}
Script.SpawnEnemy,{"type": "Enemy.BlackHole", "speed": 0.9, "side": "Side.Left", "spawnTime": 1.0, "angle": 11.665816294881694}
Script.SpawnEnemy,{"type": "Enemy.Shield", "speed": 0.9, "side": "Side.Right", "spawnTime": 1.0, "angle": 190.5288773245987}
Script.SpawnEnemy,{"type": "Enemy.BlackHole", "speed": 0.9, "side": "Side.Left", "spawnTime": 1.0, "angle": 15.313776432840424}
Script.SpawnEnemy,{"type": "Enemy.Cannon", "speed": 1.1, "side": "Side.Right", "spawnTime": 1.0, "angle": 173.85275669956175}
Script.SpawnEnemy,{"type": "Enemy.BlackHole", "speed": 0.9, "side": "Side.Left", "spawnTime": 1.0, "angle": -2.2821771937852744}
Script.SpawnEnemy,{"type": "Enemy.Shield", "speed": 0.9, "side": "Side.Right", "spawnTime": 1.0, "angle": 186.31014419857377}
Script.SpawnEnemy,{"type": "Enemy.Shield", "speed": 1.0, "side": "Side.Left", "spawnTime": 1.0, "angle": 8.100715585995045}
Script.SpawnEnemy,{"type": "Enemy.Shield", "speed": 0.9, "side": "Side.Right", "spawnTime": 1.0, "angle": 196.26222810796241}
Script.SpawnEnemy,{"type": "Enemy.Shield", "speed": 1.0, "side": "Side.Left", "spawnTime": 1.0, "angle": 9.500622316828904}
Script.SpawnEnemy,{"type": "Enemy.BlackHole", "speed": 1.0, "side": "Side.Right", "spawnTime": 1.0, "angle": 193.4919974716383}
Script.SpawnEnemy,{"type": "Enemy.Shield", "speed": 1.0, "side": "Side.Left", "spawnTime": 1.0, "angle": 16.953463974696984}
Script.SpawnEnemy,{"type": "Enemy.BlackHole", "speed": 1.0, "side": "Side.Right", "spawnTime": 1.0, "angle": 178.9994142419051}
Script.SpawnEnemy,{"type": "Enemy.Shield", "speed": 1.0, "side": "Side.Left", "spawnTime": 1.0, "angle": 2.300966704466464}
Script.SpawnEnemy,{"type": "Enemy.BlackHole", "speed": 1.0, "side": "Side.Right", "spawnTime": 1.0, "angle": 195.6492801262115}
Script.SpawnEnemy,{"type": "Enemy.Shield", "speed": 1.0, "side": "Side.Left", "spawnTime": 1.0, "angle": -15.166489399844728}
Script.SpawnEnemy,{"type": "Enemy.Shield", "speed": 0.9, "side": "Side.Right", "spawnTime": 1.0, "angle": 178.29358758058507}
Script.SpawnEnemy,{"type": "Enemy.BlackHole", "speed": 0.9, "side": "Side.Left", "spawnTime": 1.0, "angle": 2.996453500845113}
Script.SpawnEnemy,{"type": "Enemy.BlackHole", "speed": 1.0, "side": "Side.Right", "spawnTime": 1.0, "angle": 184.17886046114225}
Script.SpawnEnemy,{"type": "Enemy.Shield", "speed": 1.0, "side": "Side.Left", "spawnTime": 1.0, "angle": -8.08714726837916}
Script.SpawnEnemy,{"type": "Enemy.BlackHole", "speed": 1.0, "side": "Side.Right", "spawnTime": 1.0, "angle": 191.32284822803317}
Script.SpawnEnemy,{"type": "Enemy.Shield", "speed": 1.0, "side": "Side.Left", "spawnTime": 1.0, "angle": 16.732238943040333}
Script.SpawnEnemy,{"type": "Enemy.BlackHole", "speed": 1.0, "side": "Side.Right", "spawnTime": 1.0, "angle": 169.37566187473126}
Script.SpawnEnemy,{"type": "Enemy.Shield", "speed": 1.0, "side": "Side.Left", "spawnTime": 1.0, "angle": -1.9655135811210185}
Script.SpawnEnemy,{"type": "Enemy.BlackHole", "speed": 1.0, "side": "Side.Right", "spawnTime": 1.0, "angle": 167.04167259969984}
Script.SpawnEnemy,{"type": "Enemy.Cannon", "speed": 1.1, "side": "Side.Left", "spawnTime": 1.0, "angle": -10.487105002945269}
Script.SpawnEnemy,{"type": "Enemy.BlackHole", "speed": 1.0, "side": "Side.Right", "spawnTime": 1.0, "angle": 188.25283790061303}
Script.SpawnEnemy,{"type": "Enemy.Cannon", "speed": 1.1, "side": "Side.Left", "spawnTime": 1.0, "angle": -19.13815259725289}
Script.SpawnEnemy,{"type": "Enemy.BlackHole", "speed": 1.0, "side": "Side.Right", "spawnTime": 1.0, "angle": 171.16607393176247}
Script.SpawnEnemy,{"type": "Enemy.Shield", "speed": 1.0, "side": "Side.Left", "spawnTime": 1.0, "angle": -12.293341651835027}
Script.SpawnEnemy,{"type": "Enemy.BlackHole", "speed": 1.0, "side": "Side.Right", "spawnTime": 1.0, "angle": 163.39303275679598}
Script.SpawnEnemy,{"type": "Enemy.Shield", "speed": 1.0, "side": "Side.Left", "spawnTime": 1.0, "angle": -2.808243255261413}
Script.SpawnEnemy,{"type": "Enemy.BlackHole", "speed": 1.0, "side": "Side.Right", "spawnTime": 1.0, "angle": 175.17125261408594}
Script.SpawnEnemy,{"type": "Enemy.Shield", "speed": 1.0, "side": "Side.Left", "spawnTime": 1.0, "angle": -16.34131251291329}
Script.SpawnEnemy,{"type": "Enemy.Cannon", "speed": 1.1, "side": "Side.Right", "spawnTime": 1.0, "angle": 158.1971641996238}
Script.SpawnEnemy,{"type": "Enemy.Shield", "speed": 1.0, "side": "Side.Left", "spawnTime": 1.0, "angle": -12.556660530484763}
Script.SpawnEnemy,{"type": "Enemy.BlackHole", "speed": 1.0, "side": "Side.Right", "spawnTime": 1.0, "angle": 163.59570555504948}
Script.EndWave,{"flank_type": "Enemy.Cannon", "right_type": "Enemy.BlackHole", "left_type": "Enemy.Shield"}
Script.BeginWave,{"flank_type": "Enemy.BlackHole", "right_type": "Enemy.Shield", "left_type": "Enemy.Cannon"}
Script.SpawnEnemy,{"type": "Enemy.Cannon", "speed": 1.0, "side": "Side.Left", "spawnTime": 1.0, "angle": -20.28654938438669}
Script.SpawnEnemy,{"type": "Enemy.Shield", "speed": 1.0, "side": "Side.Right", "spawnTime": 1.0, "angle": 190.49764261983452}
Script.SpawnEnemy,{"type": "Enemy.Cannon", "speed": 1.0, "side": "Side.Left", "spawnTime": 1.0, "angle": -16.0128981823541}
Script.SpawnEnemy,{"type": "Enemy.Shield", "speed": 1.0, "side": "Side.Right", "spawnTime": 1.0, "angle": 173.74989693524662}
Script.SpawnEnemy,{"type": "Enemy.Cannon", "speed": 1.0, "side": "Side.Left", "spawnTime": 1.0, "angle": -13.229372698254451}
Script.SpawnEnemy,{"type": "Enemy.Shield", "speed": 1.0, "side": "Side.Right", "spawnTime": 1.0, "angle": 182.84211282536947}
Script.SpawnEnemy,{"type": "Enemy.BlackHole", "speed": 1.1, "side": "Side.Left", "spawnTime": 1.0, "angle": -4.316138965213685}
Script.SpawnEnemy,{"type": "Enemy.Shield", "speed": 1.0, "side": "Side.Right", "spawnTime": 1.0, "angle": 198.98849025648047}
Script.SpawnEnemy,{"type": "Enemy.Cannon", "speed": 1.0, "side": "Side.Left", "spawnTime": 1.0, "angle": -7.899827910734366}
Script.SpawnEnemy,{"type": "Enemy.Shield", "speed": 1.0, "side": "Side.Right", "spawnTime": 1.0, "angle": 181.22184147386162}
Script.SpawnEnemy,{"type": "Enemy.Cannon", "speed": 1.0, "side": "Side.Left", "spawnTime": 1.0, "angle": 0.4351197672749386}
Script.SpawnEnemy,{"type": "Enemy.Shield", "speed": 1.0, "side": "Side.Right", "spawnTime": 1.0, "angle": 179.88993668240232}
Script.SpawnEnemy,{"type": "Enemy.Cannon", "speed": 1.0, "side": "Side.Left", "spawnTime": 1.0, "angle": 15.827178441259171}
Script.SpawnEnemy,{"type": "Enemy.Shield", "speed": 1.0, "side": "Side.Right", "spawnTime": 1.0, "angle": 196.28833967958613}
Script.SpawnEnemy,{"type": "Enemy.Cannon", "speed": 1.0, "side": "Side.Left", "spawnTime": 1.0, "angle": -11.98452495868133}
Script.SpawnEnemy,{"type": "Enemy.Shield", "speed": 1.0, "side": "Side.Right", "spawnTime": 1.0, "angle": 164.73286495506977}
Script.SpawnEnemy,{"type": "Enemy.Cannon", "speed": 1.0, "side": "Side.Left", "spawnTime": 1.0, "angle": -4.8793033835680335}
Script.SpawnEnemy,{"type": "Enemy.Shield", "speed": 1.0, "side": "Side.Right", "spawnTime": 1.0, "angle": 193.24253763252307}
Script.SpawnEnemy,{"type": "Enemy.Cannon", "speed": 1.0, "side": "Side.Left", "spawnTime": 1.0, "angle": -16.61128494768435}
Script.SpawnEnemy,{"type": "Enemy.BlackHole", "speed": 1.1, "side": "Side.Right", "spawnTime": 1.0, "angle": 181.72406275592667}
Script.SpawnEnemy,{"type": "Enemy.BlackHole", "speed": 1.1, "side": "Side.Left", "spawnTime": 1.0, "angle": 15.7953386962525}
Script.SpawnEnemy,{"type": "Enemy.BlackHole", "speed": 1.1, "side": "Side.Right", "spawnTime": 1.0, "angle": 169.55787504693564}
Script.SpawnEnemy,{"type": "Enemy.Cannon", "speed": 1.0, "side": "Side.Left", "spawnTime": 1.0, "angle": 3.433355850981056}
Script.SpawnEnemy,{"type": "Enemy.Shield", "speed": 1.0, "side": "Side.Right", "spawnTime": 1.0, "angle": 187.70462352608047}
Script.SpawnEnemy,{"type": "Enemy.Shield", "speed": 0.9, "side": "Side.Left", "spawnTime": 1.0, "angle": 3.997113823618167}
Script.SpawnEnemy,{"type": "Enemy.Cannon", "speed": 0.9, "side": "Side.Right", "spawnTime": 1.0, "angle": 169.05586061609193}
Script.SpawnEnemy,{"type": "Enemy.Cannon", "speed": 1.0, "side": "Side.Left", "spawnTime": 1.0, "angle": 9.076342701749619}
Script.SpawnEnemy,{"type": "Enemy.Shield", "speed": 1.0, "side": "Side.Right", "spawnTime": 1.0, "angle": 191.6375458109975}
Script.SpawnEnemy,{"type": "Enemy.Cannon", "speed": 1.0, "side": "Side.Left", "spawnTime": 1.0, "angle": 7.546961268707556}
Script.SpawnEnemy,{"type": "Enemy.Cannon", "speed": 0.9, "side": "Side.Right", "spawnTime": 1.0, "angle": 161.22695204740353}
Script.SpawnEnemy,{"type": "Enemy.Shield", "speed": 0.9, "side": "Side.Left", "spawnTime": 1.0, "angle": 8.020810654508331}
Script.SpawnEnemy,{"type": "Enemy.Shield", "speed": 1.0, "side": "Side.Right", "spawnTime": 1.0, "angle": 172.2746297887951}
Script.SpawnEnemy,{"type": "Enemy.Shield", "speed": 0.9, "side": "Side.Left", "spawnTime": 1.0, "angle": -2.3416603575748605}
Script.SpawnEnemy,{"type": "Enemy.Cannon", "speed": 0.9, "side": "Side.Right", "spawnTime": 1.0, "angle": 160.05198257626685}
Script.SpawnEnemy,{"type": "Enemy.Shield", "speed": 0.9, "side": "Side.Left", "spawnTime": 1.0, "angle": 11.781883936199472}
Script.SpawnEnemy,{"type": "Enemy.Cannon", "speed": 0.9, "side": "Side.Right", "spawnTime": 1.0, "angle": 165.1907491615127}
Script.EndWave,{"flank_type": "Enemy.BlackHole", "right_type": "Enemy.Shield", "left_type": "Enemy.Cannon"}
Script.EndBlock,{"index": 0}
Script.BeginBlock,{"index": 1}
Script.BeginWave,{"flank_type": "Enemy.Shield", "right_type": "Enemy.BlackHole", "left_type": "Enemy.Cannon"}
Script.SpawnEnemy,{"type": "Enemy.BlackHole", "speed": 0.9, "side": "Side.Left", "spawnTime": 1.0, "angle": -4.9890963233776615}
Script.SpawnEnemy,{"type": "Enemy.BlackHole", "speed": 1.0, "side": "Side.Right", "spawnTime": 1.0, "angle": 172.42140660540497}
Script.SpawnEnemy,{"type": "Enemy.BlackHole", "speed": 0.9, "side": "Side.Left", "spawnTime": 1.0, "angle": 0.768548924026869}
Script.SpawnEnemy,{"type": "Enemy.Shield", "speed": 1.1, "side": "Side.Right", "spawnTime": 1.0, "angle": 161.7159422718237}
Script.SpawnEnemy,{"type": "Enemy.BlackHole", "speed": 0.9, "side": "Side.Left", "spawnTime": 1.0, "angle": 11.828828448049425}
Script.SpawnEnemy,{"type": "Enemy.BlackHole", "speed": 1.0, "side": "Side.Right", "spawnTime": 1.0, "angle": 166.22106945004356}
Script.SpawnEnemy,{"type": "Enemy.Shield", "speed": 1.1, "side": "Side.Left", "spawnTime": 1.0, "angle": 12.481339666373973}
Script.SpawnEnemy,{"type": "Enemy.BlackHole", "speed": 1.0, "side": "Side.Right", "spawnTime": 1.0, "angle": 168.70650311914397}
Script.SpawnEnemy,{"type": "Enemy.BlackHole", "speed": 0.9, "side": "Side.Left", "spawnTime": 1.0, "angle": 4.932096145893411}
Script.SpawnEnemy,{"type": "Enemy.BlackHole", "speed": 1.0, "side": "Side.Right", "spawnTime": 1.0, "angle": 160.19843473452892}
Script.SpawnEnemy,{"type": "Enemy.Cannon", "speed": 1.0, "side": "Side.Left", "spawnTime": 1.0, "angle": -16.087988522767596}
Script.SpawnEnemy,{"type": "Enemy.BlackHole", "speed": 1.0, "side": "Side.Right", "spawnTime": 1.0, "angle": 183.82752236408098}
Script.SpawnEnemy,{"type": "Enemy.Cannon", "speed": 1.0, "side": "Side.Left", "spawnTime": 1.0, "angle": 7.332421131398044}
Script.SpawnEnemy,{"type": "Enemy.BlackHole", "speed": 1.0, "side": "Side.Right", "spawnTime": 1.0, "angle": 172.57254395933563}
Script.SpawnEnemy,{"type": "Enemy.Cannon", "speed": 1.0, "side": "Side.Left", "spawnTime": 1.0, "angle": 17.498629093719188}
Script.SpawnEnemy,{"type": "Enemy.BlackHole", "speed": 1.0, "side": "Side.Right", "spawnTime": 1.0, "angle": 190.7537921051696}
Script.SpawnEnemy,{"type": "Enemy.Cannon", "speed": 1.0, "side": "Side.Left", "spawnTime": 1.0, "angle": 4.592951935251262}
Script.SpawnEnemy,{"type": "Enemy.BlackHole", "speed": 1.0, "side": "Side.Right", "spawnTime": 1.0, "angle": 187.703105769973}
Script.SpawnEnemy,{"type": "Enemy.Shield", "speed": 1.1, "side": "Side.Left", "spawnTime": 1.0, "angle": -14.032804213534964}
Script.SpawnEnemy,{"type": "Enemy.BlackHole", "speed": 1.0, "side": "Side.Right", "spawnTime": 1.0, "angle": 168.33921731459026}
Script.SpawnEnemy,{"type": "Enemy.Cannon", "speed": 1.0, "side": "Side.Left", "spawnTime": 1.0, "angle": 19.909425254751635}
Script.SpawnEnemy,{"type": "Enemy.Cannon", "speed": 0.9, "side": "Side.Right", "spawnTime": 1.0, "angle": 195.05932082623485}
Script.SpawnEnemy,{"type": "Enemy.Cannon", "speed": 1.0, "side": "Side.Left", "spawnTime": 1.0, "angle": -8.678726511728724}
Script.SpawnEnemy,{"type": "Enemy.Shield", "speed": 1.1, "side": "Side.Right", "spawnTime": 1.0, "angle": 176.35747072742797}
Script.SpawnEnemy,{"type": "Enemy.Cannon", "speed": 1.0, "side": "Side.Left", "spawnTime": 1.0, "angle": 0.02361522609957539}
Script.SpawnEnemy,{"type": "Enemy.BlackHole", "speed": 1.0, "side": "Side.Right", "spawnTime": 1.0, "angle": 179.79650493660577}
Script.SpawnEnemy,{"type": "Enemy.Cannon", "speed": 1.0, "side": "Side.Left", "spawnTime": 1.0, "angle": -21.876769433581547}
Script.SpawnEnemy,{"type": "Enemy.BlackHole", "speed": 1.0, "side": "Side.Right", "spawnTime": 1.0, "angle": 176.13144034583084}
Script.SpawnEnemy,{"type": "Enemy.Cannon", "speed": 1.0, "side": "Side.Left", "spawnTime": 1.0, "angle": -6.7444011355069}
Script.SpawnEnemy,{"type": "Enemy.Cannon", "speed": 0.9, "side": "Side.Right", "spawnTime": 1.0, "angle": 197.17278165865085}
Script.SpawnEnemy,{"type": "Enemy.Cannon", "speed": 1.0, "side": "Side.Left", "spawnTime": 1.0, "angle": -9.324878262242843}
Script.SpawnEnemy,{"type": "Enemy.BlackHole", "speed": 1.0, "side": "Side.Right", "spawnTime": 1.0, "angle": 196.61198408683342}
Script.SpawnEnemy,{"type": "Enemy.Cannon", "speed": 1.0, "side": "Side.Left", "spawnTime": 1.0, "angle": -3.1787885471677964}
Script.SpawnEnemy,{"type": "Enemy.Cannon", "speed": 0.9, "side": "Side.Right", "spawnTime": 1.0, "angle": 186.28816179739982}
Script.SpawnEnemy,{"type": "Enemy.Cannon", "speed": 1.0, "side": "Side.Left", "spawnTime": 1.0, "angle": -18.31451141873057}
Script.SpawnEnemy,{"type": "Enemy.Cannon", "speed": 0.9, "side": "Side.Right", "spawnTime": 1.0, "angle": 189.21768882931914}
Script.EndWave,{"flank_type": "Enemy.Shield", "right_type": "Enemy.BlackHole", "left_type": "Enemy.Cannon"}
Script.BeginWave,{"flank_type": "Enemy.Cannon", "right_type": "Enemy.Shield", "left_type": "Enemy.BlackHole"}
Script.SpawnEnemy,{"type": "Enemy.Shield", "speed": 0.9, "side": "Side.Left", "spawnTime": 1.0, "angle": -13.129799086281167}
Script.SpawnEnemy,{"type": "Enemy.BlackHole", "speed": 0.9, "side": "Side.Right", "spawnTime": 1.0, "angle": 166.20901632399858}
Script.SpawnEnemy,{"type": "Enemy.Shield", "speed": 0.9, "side": "Side.Left", "spawnTime": 1.0, "angle": -1.3092283522429429}
Script.SpawnEnemy,{"type": "Enemy.BlackHole", "speed": 0.9, "side": "Side.Right", "spawnTime": 1.0, "angle": 159.13336273364192}
Script.SpawnEnemy,{"type": "Enemy.Cannon", "speed": 1.1, "side": "Side.Left", "spawnTime": 1.0, "angle": -16.74642612753994}
Script.SpawnEnemy,{"type": "Enemy.BlackHole", "speed": 0.9, "side": "Side.Right", "spawnTime": 1.0, "angle": 168.73339994476527}
Script.SpawnEnemy,{"type": "Enemy.BlackHole", "speed": 1.0, "side": "Side.Left", "spawnTime": 1.0, "angle": -18.49487592923554}
Script.SpawnEnemy,{"type": "Enemy.BlackHole", "speed": 0.9, "side": "Side.Right", "spawnTime": 1.0, "angle": 174.84288499035654}
Script.SpawnEnemy,{"type": "Enemy.Shield", "speed": 0.9, "side": "Side.Left", "spawnTime": 1.0, "angle": -7.509106739459931}
Script.SpawnEnemy,{"type": "Enemy.Shield", "speed": 1.0, "side": "Side.Right", "spawnTime": 1.0, "angle": 170.58805904243525}
Script.SpawnEnemy,{"type": "Enemy.BlackHole", "speed": 1.0, "side": "Side.Left", "spawnTime": 1.0, "angle": -7.264654951630866}
Script.SpawnEnemy,{"type": "Enemy.Shield", "speed": 1.0, "side": "Side.Right", "spawnTime": 1.0, "angle": 180.34593452966823}
Script.SpawnEnemy,{"type": "Enemy.Shield", "speed": 0.9, "side": "Side.Left", "spawnTime": 1.0, "angle": 16.994356143383342}
Script.SpawnEnemy,{"type": "Enemy.Shield", "speed": 1.0, "side": "Side.Right", "spawnTime": 1.0, "angle": 161.1064794565798}
Script.SpawnEnemy,{"type": "Enemy.BlackHole", "speed": 1.0, "side": "Side.Left", "spawnTime": 1.0, "angle": 8.616120413310906}
Script.SpawnEnemy,{"type": "Enemy.Shield", "speed": 1.0, "side": "Side.Right", "spawnTime": 1.0, "angle": 190.30998691373895}
Script.SpawnEnemy,{"type": "Enemy.Cannon", "speed": 1.1, "side": "Side.Left", "spawnTime": 1.0, "angle": 1.909476739784347}
Script.SpawnEnemy,{"type": "Enemy.Shield", "speed": 1.0, "side": "Side.Right", "spawnTime": 1.0, "angle": 187.11419300217293}
Script.SpawnEnemy,{"type": "Enemy.BlackHole", "speed": 1.0, "side": "Side.Left", "spawnTime": 1.0, "angle": 7.194940544942279}
Script.SpawnEnemy,{"type": "Enemy.Shield", "speed": 1.0, "side": "Side.Right", "spawnTime": 1.0, "angle": 179.24771409029816}
Script.SpawnEnemy,{"type": "Enemy.BlackHole", "speed": 1.0, "side": "Side.Left", "spawnTime": 1.0, "angle": -15.483295077481458}
Script.SpawnEnemy,{"type": "Enemy.Shield", "speed": 1.0, "side": "Side.Right", "spawnTime": 1.0, "angle": 192.08323662425397}
Script.SpawnEnemy,{"type": "Enemy.BlackHole", "speed": 1.0, "side": "Side.Left", "spawnTime": 1.0, "angle": -14.977564260138905}
Script.SpawnEnemy,{"type": "Enemy.Cannon", "speed": 1.1, "side": "Side.Right", "spawnTime": 1.0, "angle": 168.53979310000707}
Script.SpawnEnemy,{"type": "Enemy.BlackHole", "speed": 1.0, "side": "Side.Left", "spawnTime": 1.0, "angle": 14.332340870262678}
Script.SpawnEnemy,{"type": "Enemy.Shield", "speed": 1.0, "side": "Side.Right", "spawnTime": 1.0, "angle": 173.49298946451086}
Script.SpawnEnemy,{"type": "Enemy.BlackHole", "speed": 1.0, "side": "Side.Left", "spawnTime": 1.0, "angle": 2.9809519410351712}
Script.SpawnEnemy,{"type": "Enemy.Shield", "speed": 1.0, "side": "Side.Right", "spawnTime": 1.0, "angle": 186.5730175473199}
Script.SpawnEnemy,{"type": "Enemy.BlackHole", "speed": 1.0, "side": "Side.Left", "spawnTime": 1.0, "angle": 11.924115531011617}
Script.SpawnEnemy,{"type": "Enemy.Shield", "speed": 1.0, "side": "Side.Right", "spawnTime": 1.0, "angle": 196.1213589279245}
Script.SpawnEnemy,{"type": "Enemy.BlackHole", "speed": 1.0, "side": "Side.Left", "spawnTime": 1.0, "angle": 13.445959373562621}
Script.SpawnEnemy,{"type": "Enemy.Shield", "speed": 1.0, "side": "Side.Right", "spawnTime": 1.0, "angle": 188.655300656419}
Script.SpawnEnemy,{"type": "Enemy.BlackHole", "speed": 1.0, "side": "Side.Left", "spawnTime": 1.0, "angle": -6.40444185716971}
Script.SpawnEnemy,{"type": "Enemy.Shield", "speed": 1.0, "side": "Side.Right", "spawnTime": 1.0, "angle": 179.25130086465785}
Script.SpawnEnemy,{"type": "Enemy.BlackHole", "speed": 1.0, "side": "Side.Left", "spawnTime": 1.0, "angle": 1.127609702037558}
Script.SpawnEnemy,{"type": "Enemy.Cannon", "speed": 1.1, "side": "Side.Right", "spawnTime": 1.0, "angle": 197.40585071130337}
Script.EndWave,{"flank_type": "Enemy.Cannon", "right_type": "Enemy.Shield", "left_type": "Enemy.BlackHole"}
Script.BeginWave,{"flank_type": "Enemy.BlackHole", "right_type": "Enemy.Cannon", "left_type": "Enemy.Shield"}
Script.SpawnEnemy,{"type": "Enemy.Cannon", "speed": 0.9, "side": "Side.Left", "spawnTime": 1.0, "angle": -10.66213058686827}
Script.SpawnEnemy,{"type": "Enemy.Shield", "speed": 0.9, "side": "Side.Right", "spawnTime": 1.0, "angle": 164.3737152698157}
Script.SpawnEnemy,{"type": "Enemy.Cannon", "speed": 0.9, "side": "Side.Left", "spawnTime": 1.0, "angle": -18.211225633281398}
Script.SpawnEnemy,{"type": "Enemy.Shield", "speed": 0.9, "side": "Side.Right", "spawnTime": 1.0, "angle": 175.1679988946453}
Script.SpawnEnemy,{"type": "Enemy.Cannon", "speed": 0.9, "side": "Side.Left", "spawnTime": 1.0, "angle": -2.6475791404085642}
Script.SpawnEnemy,{"type": "Enemy.Shield", "speed": 0.9, "side": "Side.Right", "spawnTime": 1.0, "angle": 170.16966481917072}
Script.SpawnEnemy,{"type": "Enemy.Shield", "speed": 1.0, "side": "Side.Left", "spawnTime": 1.0, "angle": -17.852989899292155}
Script.SpawnEnemy,{"type": "Enemy.Shield", "speed": 0.9, "side": "Side.Right", "spawnTime": 1.0, "angle": 161.31123015973284}
Script.SpawnEnemy,{"type": "Enemy.Cannon", "speed": 0.9, "side": "Side.Left", "spawnTime": 1.0, "angle": -8.197164914487479}
Script.SpawnEnemy,{"type": "Enemy.Cannon", "speed": 1.0, "side": "Side.Right", "spawnTime": 1.0, "angle": 182.40408084752352}
Script.SpawnEnemy,{"type": "Enemy.Shield", "speed": 1.0, "side": "Side.Left", "spawnTime": 1.0, "angle": 5.7715558635646}
Script.SpawnEnemy,{"type": "Enemy.Cannon", "speed": 1.0, "side": "Side.Right", "spawnTime": 1.0, "angle": 162.95280979550358}
Script.SpawnEnemy,{"type": "Enemy.Shield", "speed": 1.0, "side": "Side.Left", "spawnTime": 1.0, "angle": 10.096601797172925}
Script.SpawnEnemy,{"type": "Enemy.Cannon", "speed": 1.0, "side": "Side.Right", "spawnTime": 1.0, "angle": 173.08787672125385}
Script.SpawnEnemy,{"type": "Enemy.Shield", "speed": 1.0, "side": "Side.Left", "spawnTime": 1.0, "angle": -4.867734565495944}
Script.SpawnEnemy,{"type": "Enemy.Cannon", "speed": 1.0, "side": "Side.Right", "spawnTime": 1.0, "angle": 185.17505877752518}
Script.SpawnEnemy,{"type": "Enemy.Shield", "speed": 1.0, "side": "Side.Left", "spawnTime": 1.0, "angle": 1.9344569773353595}
Script.SpawnEnemy,{"type": "Enemy.Cannon", "speed": 1.0, "side": "Side.Right", "spawnTime": 1.0, "angle": 178.33311386287724}
Script.SpawnEnemy,{"type": "Enemy.Shield", "speed": 1.0, "side": "Side.Left", "spawnTime": 1.0, "angle": 19.696197914194343}
Script.SpawnEnemy,{"type": "Enemy.Cannon", "speed": 1.0, "side": "Side.Right", "spawnTime": 1.0, "angle": 192.93929639449416}
Script.SpawnEnemy,{"type": "Enemy.BlackHole", "speed": 1.1, "side": "Side.Left", "spawnTime": 1.0, "angle": -11.60405327311787}
Script.SpawnEnemy,{"type": "Enemy.Cannon", "speed": 1.0, "side": "Side.Right", "spawnTime": 1.0, "angle": 166.05143350034888}
Script.SpawnEnemy,{"type": "Enemy.Shield", "speed": 1.0, "side": "Side.Left", "spawnTime": 1.0, "angle": -16.03686693689774}
Script.SpawnEnemy,{"type": "Enemy.BlackHole", "speed": 1.1, "side": "Side.Right", "spawnTime": 1.0, "angle": 174.89455984666085}
Script.SpawnEnemy,{"type": "Enemy.BlackHole", "speed": 1.1, "side": "Side.Left", "spawnTime": 1.0, "angle": 11.443982570374835}
Script.SpawnEnemy,{"type": "Enemy.BlackHole", "speed": 1.1, "side": "Side.Right", "spawnTime": 1.0, "angle": 182.92247757649588}
Script.SpawnEnemy,{"type": "Enemy.Shield", "speed": 1.0, "side": "Side.Left", "spawnTime": 1.0, "angle": 4.755346460708051}
Script.SpawnEnemy,{"type": "Enemy.Cannon", "speed": 1.0, "side": "Side.Right", "spawnTime": 1.0, "angle": 192.3361518259437}
Script.SpawnEnemy,{"type": "Enemy.Shield", "speed": 1.0, "side": "Side.Left", "spawnTime": 1.0, "angle": 17.142431628181544}
Script.SpawnEnemy,{"type": "Enemy.Cannon", "speed": 1.0, "side": "Side.Right", "spawnTime": 1.0, "angle": 198.3088568512119}
Script.SpawnEnemy,{"type": "Enemy.Shield", "speed": 1.0, "side": "Side.Left", "spawnTime": 1.0, "angle": 8.963323905606202}
Script.SpawnEnemy,{"type": "Enemy.Cannon", "speed": 1.0, "side": "Side.Right", "spawnTime": 1.0, "angle": 190.47866279955502}
Script.SpawnEnemy,{"type": "Enemy.Shield", "speed": 1.0, "side": "Side.Left", "spawnTime": 1.0, "angle": 0.08941992707565127}
Script.SpawnEnemy,{"type": "Enemy.Cannon", "speed": 1.0, "side": "Side.Right", "spawnTime": 1.0, "angle": 180.46729715337543}
Script.SpawnEnemy,{"type": "Enemy.Shield", "speed": 1.0, "side": "Side.Left", "spawnTime": 1.0, "angle": -6.144336313970457}
Script.SpawnEnemy,{"type": "Enemy.Cannon", "speed": 1.0, "side": "Side.Right", "spawnTime": 1.0, "angle": 196.83963042832175}
Script.EndWave,{"flank_type": "Enemy.BlackHole", "right_type": "Enemy.Cannon", "left_type": "Enemy.Shield"}
Script.BeginWave,{"flank_type": "Enemy.Shield", "right_type": "Enemy.Cannon", "left_type": "Enemy.BlackHole"}
Script.SpawnEnemy,{"type": "Enemy.Shield", "speed": 1.1, "side": "Side.Left", "spawnTime": 1.0, "angle": 4.34509338211689}
Script.SpawnEnemy,{"type": "Enemy.BlackHole", "speed": 0.9, "side": "Side.Right", "spawnTime": 1.0, "angle": 178.8293810723741}
Script.SpawnEnemy,{"type": "Enemy.Cannon", "speed": 0.9, "side": "Side.Left", "spawnTime": 1.0, "angle": 16.495573996623182}
Script.SpawnEnemy,{"type": "Enemy.BlackHole", "speed": 0.9, "side": "Side.Right", "spawnTime": 1.0, "angle": 198.4677996254449}
Script.SpawnEnemy,{"type": "Enemy.BlackHole", "speed": 1.0, "side": "Side.Left", "spawnTime": 1.0, "angle": 9.880859180009129}
Script.SpawnEnemy,{"type": "Enemy.BlackHole", "speed": 0.9, "side": "Side.Right", "spawnTime": 1.0, "angle": 197.70837835713664}
Script.SpawnEnemy,{"type": "Enemy.Cannon", "speed": 0.9, "side": "Side.Left", "spawnTime": 1.0, "angle": -3.996044607084646}
Script.SpawnEnemy,{"type": "Enemy.BlackHole", "speed": 0.9, "side": "Side.Right", "spawnTime": 1.0, "angle": 192.78229546694712}
Script.SpawnEnemy,{"type": "Enemy.Cannon", "speed": 0.9, "side": "Side.Left", "spawnTime": 1.0, "angle": 4.227926972263797}
Script.SpawnEnemy,{"type": "Enemy.Shield", "speed": 1.1, "side": "Side.Right", "spawnTime": 1.0, "angle": 186.51427066225605}
Script.SpawnEnemy,{"type": "Enemy.BlackHole", "speed": 1.0, "side": "Side.Left", "spawnTime": 1.0, "angle": -15.956472689490008}
Script.SpawnEnemy,{"type": "Enemy.Cannon", "speed": 1.0, "side": "Side.Right", "spawnTime": 1.0, "angle": 190.49675858609916}
Script.SpawnEnemy,{"type": "Enemy.BlackHole", "speed": 1.0, "side": "Side.Left", "spawnTime": 1.0, "angle": -14.150567955168187}
Script.SpawnEnemy,{"type": "Enemy.Shield", "speed": 1.1, "side": "Side.Right", "spawnTime": 1.0, "angle": 167.24026173588234}
Script.SpawnEnemy,{"type": "Enemy.Cannon", "speed": 0.9, "side": "Side.Left", "spawnTime": 1.0, "angle": 15.07909576874142}
Script.SpawnEnemy,{"type": "Enemy.Cannon", "speed": 1.0, "side": "Side.Right", "spawnTime": 1.0, "angle": 176.11563854241984}
Script.SpawnEnemy,{"type": "Enemy.BlackHole", "speed": 1.0, "side": "Side.Left", "spawnTime": 1.0, "angle": 18.050069891481066}
Script.SpawnEnemy,{"type": "Enemy.Cannon", "speed": 1.0, "side": "Side.Right", "spawnTime": 1.0, "angle": 190.40585567185533}
Script.SpawnEnemy,{"type": "Enemy.BlackHole", "speed": 1.0, "side": "Side.Left", "spawnTime": 1.0, "angle": 4.4452481203221925}
Script.SpawnEnemy,{"type": "Enemy.Cannon", "speed": 1.0, "side": "Side.Right", "spawnTime": 1.0, "angle": 178.15554004896424}
Script.SpawnEnemy,{"type": "Enemy.BlackHole", "speed": 1.0, "side": "Side.Left", "spawnTime": 1.0, "angle": -9.536152767507318}
Script.SpawnEnemy,{"type": "Enemy.Cannon", "speed": 1.0, "side": "Side.Right", "spawnTime": 1.0, "angle": 161.3906711203559}
Script.SpawnEnemy,{"type": "Enemy.BlackHole", "speed": 1.0, "side": "Side.Left", "spawnTime": 1.0, "angle": 0.11220789639639334}
Script.SpawnEnemy,{"type": "Enemy.Cannon", "speed": 1.0, "side": "Side.Right", "spawnTime": 1.0, "angle": 187.043312788095}
Script.SpawnEnemy,{"type": "Enemy.BlackHole", "speed": 1.0, "side": "Side.Left", "spawnTime": 1.0, "angle": -7.792630945399672}
Script.SpawnEnemy,{"type": "Enemy.Cannon", "speed": 1.0, "side": "Side.Right", "spawnTime": 1.0, "angle": 168.94340497117432}
Script.SpawnEnemy,{"type": "Enemy.BlackHole", "speed": 1.0, "side": "Side.Left", "spawnTime": 1.0, "angle": 11.08928197553576}
Script.SpawnEnemy,{"type": "Enemy.Cannon", "speed": 1.0, "side": "Side.Right", "spawnTime": 1.0, "angle": 182.39434915864157}
Script.SpawnEnemy,{"type": "Enemy.Shield", "speed": 1.1, "side": "Side.Left", "spawnTime": 1.0, "angle": -20.453002457698272}
Script.SpawnEnemy,{"type": "Enemy.Cannon", "speed": 1.0, "side": "Side.Right", "spawnTime": 1.0, "angle": 172.84526689631707}
Script.SpawnEnemy,{"type": "Enemy.BlackHole", "speed": 1.0, "side": "Side.Left", "spawnTime": 1.0, "angle": -15.957262630147929}
Script.SpawnEnemy,{"type": "Enemy.Cannon", "speed": 1.0, "side": "Side.Right", "spawnTime": 1.0, "angle": 160.8505474012729}
Script.SpawnEnemy,{"type": "Enemy.BlackHole", "speed": 1.0, "side": "Side.Left", "spawnTime": 1.0, "angle": -3.696610539921533}
Script.SpawnEnemy,{"type": "Enemy.Cannon", "speed": 1.0, "side": "Side.Right", "spawnTime": 1.0, "angle": 169.9448632272531}
Script.SpawnEnemy,{"type": "Enemy.BlackHole", "speed": 1.0, "side": "Side.Left", "spawnTime": 1.0, "angle": -12.175771466303045}
Script.SpawnEnemy,{"type": "Enemy.Cannon", "speed": 1.0, "side": "Side.Right", "spawnTime": 1.0, "angle": 162.6653883350547}
Script.EndWave,{"flank_type": "Enemy.Shield", "right_type": "Enemy.Cannon", "left_type": "Enemy.BlackHole"}
Script.BeginWave,{"flank_type": "Enemy.Cannon", "right_type": "Enemy.BlackHole", "left_type": "Enemy.Shield"}
Script.SpawnEnemy,{"type": "Enemy.Shield", "speed": 1.0, "side": "Side.Left", "spawnTime": 1.0, "angle": 3.202605870362406}
Script.SpawnEnemy,{"type": "Enemy.Shield", "speed": 0.9, "side": "Side.Right", "spawnTime": 1.0, "angle": 184.47606364638443}
Script.SpawnEnemy,{"type": "Enemy.Shield", "speed": 1.0, "side": "Side.Left", "spawnTime": 1.0, "angle": 12.886234830890276}
Script.SpawnEnemy,{"type": "Enemy.Shield", "speed": 0.9, "side": "Side.Right", "spawnTime": 1.0, "angle": 179.23493669325538}
Script.SpawnEnemy,{"type": "Enemy.Shield", "speed": 1.0, "side": "Side.Left", "spawnTime": 1.0, "angle": -15.03687863328957}
Script.SpawnEnemy,{"type": "Enemy.Shield", "speed": 0.9, "side": "Side.Right", "spawnTime": 1.0, "angle": 189.8129912366247}
Script.SpawnEnemy,{"type": "Enemy.Shield", "speed": 1.0, "side": "Side.Left", "spawnTime": 1.0, "angle": 3.3808445568252834}
Script.SpawnEnemy,{"type": "Enemy.BlackHole", "speed": 1.0, "side": "Side.Right", "spawnTime": 1.0, "angle": 194.9096740519479}
Script.SpawnEnemy,{"type": "Enemy.Shield", "speed": 1.0, "side": "Side.Left", "spawnTime": 1.0, "angle": 15.71821077445174}
Script.SpawnEnemy,{"type": "Enemy.Shield", "speed": 0.9, "side": "Side.Right", "spawnTime": 1.0, "angle": 196.8336314085663}
Script.SpawnEnemy,{"type": "Enemy.Shield", "speed": 1.0, "side": "Side.Left", "spawnTime": 1.0, "angle": -5.134875945761426}
Script.SpawnEnemy,{"type": "Enemy.BlackHole", "speed": 1.0, "side": "Side.Right", "spawnTime": 1.0, "angle": 168.05900651133516}
Script.SpawnEnemy,{"type": "Enemy.Shield", "speed": 1.0, "side": "Side.Left", "spawnTime": 1.0, "angle": -12.991391606645822}
Script.SpawnEnemy,{"type": "Enemy.BlackHole", "speed": 1.0, "side": "Side.Right", "spawnTime": 1.0, "angle": 191.3894976163234}
Script.SpawnEnemy,{"type": "Enemy.Shield", "speed": 1.0, "side": "Side.Left", "spawnTime": 1.0, "angle": 12.599406543288893}
Script.SpawnEnemy,{"type": "Enemy.BlackHole", "speed": 1.0, "side": "Side.Right", "spawnTime": 1.0, "angle": 186.03833511978667}
Script.SpawnEnemy,{"type": "Enemy.Shield", "speed": 1.0, "side": "Side.Left", "spawnTime": 1.0, "angle": 19.820398322180726}
Script.SpawnEnemy,{"type": "Enemy.BlackHole", "speed": 1.0, "side": "Side.Right", "spawnTime": 1.0, "angle": 191.73573461751366}
Script.SpawnEnemy,{"type": "Enemy.Cannon", "speed": 1.1, "side": "Side.Left", "spawnTime": 1.0, "angle": 4.595972590591121}
Script.SpawnEnemy,{"type": "Enemy.BlackHole", "speed": 1.0, "side": "Side.Right", "spawnTime": 1.0, "angle": 176.05570645609626}
Script.SpawnEnemy,{"type": "Enemy.Shield", "speed": 1.0, "side": "Side.Left", "spawnTime": 1.0, "angle": 7.280769214998333}
Script.SpawnEnemy,{"type": "Enemy.BlackHole", "speed": 1.0, "side": "Side.Right", "spawnTime": 1.0, "angle": 173.36629641315685}
Script.SpawnEnemy,{"type": "Enemy.BlackHole", "speed": 0.9, "side": "Side.Left", "spawnTime": 1.0, "angle": -22.052702699960584}
Script.SpawnEnemy,{"type": "Enemy.Cannon", "speed": 1.1, "side": "Side.Right", "spawnTime": 1.0, "angle": 173.8113518017315}
Script.SpawnEnemy,{"type": "Enemy.Shield", "speed": 1.0, "side": "Side.Left", "spawnTime": 1.0, "angle": -8.14681266691674}
Script.SpawnEnemy,{"type": "Enemy.BlackHole", "speed": 1.0, "side": "Side.Right", "spawnTime": 1.0, "angle": 160.395400117426}
Script.SpawnEnemy,{"type": "Enemy.Cannon", "speed": 1.1, "side": "Side.Left", "spawnTime": 1.0, "angle": -17.690061161572963}
Script.SpawnEnemy,{"type": "Enemy.BlackHole", "speed": 1.0, "side": "Side.Right", "spawnTime": 1.0, "angle": 170.6342828044743}
Script.SpawnEnemy,{"type": "Enemy.Shield", "speed": 1.0, "side": "Side.Left", "spawnTime": 1.0, "angle": -4.94893954569432}
Script.SpawnEnemy,{"type": "Enemy.Cannon", "speed": 1.1, "side": "Side.Right", "spawnTime": 1.0, "angle": 167.60230663056043}
Script.SpawnEnemy,{"type": "Enemy.BlackHole", "speed": 0.9, "side": "Side.Left", "spawnTime": 1.0, "angle": -9.78044274094614}
Script.SpawnEnemy,{"type": "Enemy.BlackHole", "speed": 1.0, "side": "Side.Right", "spawnTime": 1.0, "angle": 182.18233004434228}
Script.SpawnEnemy,{"type": "Enemy.BlackHole", "speed": 0.9, "side": "Side.Left", "spawnTime": 1.0, "angle": -1.6788129650708354}
Script.SpawnEnemy,{"type": "Enemy.BlackHole", "speed": 1.0, "side": "Side.Right", "spawnTime": 1.0, "angle": 160.3098966699674}
Script.SpawnEnemy,{"type": "Enemy.BlackHole", "speed": 0.9, "side": "Side.Left", "spawnTime": 1.0, "angle": 2.1172313663702833}
Script.SpawnEnemy,{"type": "Enemy.BlackHole", "speed": 1.0, "side": "Side.Right", "spawnTime": 1.0, "angle": 164.09446311203402}
Script.EndWave,{"flank_type": "Enemy.Cannon", "right_type": "Enemy.BlackHole", "left_type": "Enemy.Shield"}
Script.BeginWave,{"flank_type": "Enemy.BlackHole", "right_type": "Enemy.Shield", "left_type": "Enemy.Cannon"}
Script.SpawnEnemy,{"type": "Enemy.Cannon", "speed": 1.0, "side": "Side.Left", "spawnTime": 1.0, "angle": 3.1873997821511235}
Script.SpawnEnemy,{"type": "Enemy.Shield", "speed": 1.0, "side": "Side.Right", "spawnTime": 1.0, "angle": 183.2175855034646}
Script.SpawnEnemy,{"type": "Enemy.Cannon", "speed": 1.0, "side": "Side.Left", "spawnTime": 1.0, "angle": 10.785312262974072}
Script.SpawnEnemy,{"type": "Enemy.Shield", "speed": 1.0, "side": "Side.Right", "spawnTime": 1.0, "angle": 190.96235834512285}
Script.SpawnEnemy,{"type": "Enemy.Cannon", "speed": 1.0, "side": "Side.Left", "spawnTime": 1.0, "angle": -3.1479813293757255}
Script.SpawnEnemy,{"type": "Enemy.Shield", "speed": 1.0, "side": "Side.Right", "spawnTime": 1.0, "angle": 196.9192400497308}
Script.SpawnEnemy,{"type": "Enemy.Cannon", "speed": 1.0, "side": "Side.Left", "spawnTime": 1.0, "angle": -14.476785618907957}
Script.SpawnEnemy,{"type": "Enemy.Shield", "speed": 1.0, "side": "Side.Right", "spawnTime": 1.0, "angle": 196.2157584241027}
Script.SpawnEnemy,{"type": "Enemy.Cannon", "speed": 1.0, "side": "Side.Left", "spawnTime": 1.0, "angle": 2.8255640294261988}
Script.SpawnEnemy,{"type": "Enemy.BlackHole", "speed": 1.1, "side": "Side.Right", "spawnTime": 1.0, "angle": 178.91689415941565}
Script.SpawnEnemy,{"type": "Enemy.Cannon", "speed": 1.0, "side": "Side.Left", "spawnTime": 1.0, "angle": 14.760592040675805}
Script.SpawnEnemy,{"type": "Enemy.Shield", "speed": 1.0, "side": "Side.Right", "spawnTime": 1.0, "angle": 168.47357342634734}
Script.SpawnEnemy,{"type": "Enemy.Cannon", "speed": 1.0, "side": "Side.Left", "spawnTime": 1.0, "angle": 7.802858118065651}
Script.SpawnEnemy,{"type": "Enemy.Shield", "speed": 1.0, "side": "Side.Right", "spawnTime": 1.0, "angle": 195.4851294116121}
Script.SpawnEnemy,{"type": "Enemy.BlackHole", "speed": 1.1, "side": "Side.Left", "spawnTime": 1.0, "angle": 13.785890396345323}
Script.SpawnEnemy,{"type": "Enemy.Shield", "speed": 1.0, "side": "Side.Right", "spawnTime": 1.0, "angle": 185.6661918397458}
Script.SpawnEnemy,{"type": "Enemy.Cannon", "speed": 1.0, "side": "Side.Left", "spawnTime": 1.0, "angle": -13.57414308789398}
Script.SpawnEnemy,{"type": "Enemy.Shield", "speed": 1.0, "side": "Side.Right", "spawnTime": 1.0, "angle": 176.39675940524128}
Script.SpawnEnemy,{"type": "Enemy.Cannon", "speed": 1.0, "side": "Side.Left", "spawnTime": 1.0, "angle": -22.218524207748953}
Script.SpawnEnemy,{"type": "Enemy.Shield", "speed": 1.0, "side": "Side.Right", "spawnTime": 1.0, "angle": 192.98322283204874}
Script.SpawnEnemy,{"type": "Enemy.Cannon", "speed": 1.0, "side": "Side.Left", "spawnTime": 1.0, "angle": 8.53201059639557}
Script.SpawnEnemy,{"type": "Enemy.Shield", "speed": 1.0, "side": "Side.Right", "spawnTime": 1.0, "angle": 164.19720635025084}
Script.SpawnEnemy,{"type": "Enemy.Cannon", "speed": 1.0, "side": "Side.Left", "spawnTime": 1.0, "angle": 18.041134277538596}
Script.SpawnEnemy,{"type": "Enemy.Shield", "speed": 1.0, "side": "Side.Right", "spawnTime": 1.0, "angle": 176.6066617074948}
Script.SpawnEnemy,{"type": "Enemy.Cannon", "speed": 1.0, "side": "Side.Left", "spawnTime": 1.0, "angle": -8.565632346758074}
Script.SpawnEnemy,{"type": "Enemy.Shield", "speed": 1.0, "side": "Side.Right", "spawnTime": 1.0, "angle": 168.57759823532194}
Script.SpawnEnemy,{"type": "Enemy.BlackHole", "speed": 1.1, "side": "Side.Left", "spawnTime": 1.0, "angle": -16.988361271720677}
Script.SpawnEnemy,{"type": "Enemy.BlackHole", "speed": 1.1, "side": "Side.Right", "spawnTime": 1.0, "angle": 172.03291645537584}
Script.SpawnEnemy,{"type": "Enemy.Shield", "speed": 0.9, "side": "Side.Left", "spawnTime": 1.0, "angle": -4.0690929261195246}
Script.SpawnEnemy,{"type": "Enemy.Cannon", "speed": 0.9, "side": "Side.Right", "spawnTime": 1.0, "angle": 158.21856631975353}
Script.SpawnEnemy,{"type": "Enemy.Shield", "speed": 0.9, "side": "Side.Left", "spawnTime": 1.0, "angle": -11.56746821456426}
Script.SpawnEnemy,{"type": "Enemy.Cannon", "speed": 0.9, "side": "Side.Right", "spawnTime": 1.0, "angle": 171.63059867329568}
Script.SpawnEnemy,{"type": "Enemy.Shield", "speed": 0.9, "side": "Side.Left", "spawnTime": 1.0, "angle": -6.102785944572572}
Script.SpawnEnemy,{"type": "Enemy.Cannon", "speed": 0.9, "side": "Side.Right", "spawnTime": 1.0, "angle": 163.23491914902115}
Script.SpawnEnemy,{"type": "Enemy.Shield", "speed": 0.9, "side": "Side.Left", "spawnTime": 1.0, "angle": 1.8991279156688465}
Script.SpawnEnemy,{"type": "Enemy.Cannon", "speed": 0.9, "side": "Side.Right", "spawnTime": 1.0, "angle": 180.61463292699116}
Script.EndWave,{"flank_type": "Enemy.BlackHole", "right_type": "Enemy.Shield", "left_type": "Enemy.Cannon"}
Script.EndBlock,{"index": 1}
Script.End,{}
